{
  "project_info": {
    "project_number": "695845300551",
    "firebase_url": "https://psifiakidiakivernisi-default-rtdb.europe-west1.firebasedatabase.app",
    "project_id": "psifiakidiakivernisi",
    "storage_bucket": "psifiakidiakivernisi.appspot.com"
  },
  "client": [
    {
      "client_info": {
        "mobilesdk_app_id": "1:695845300551:android:06502b8818a685839a8462",
        "android_client_info": {
          "package_name": "com.example.psifiakidiakivernisi"
        }
      },
      "oauth_client": [
        {
          "client_id": "695845300551-ho224gcacn4svhjp0snkvk0h7dht8iq9.apps.googleusercontent.com",
          "client_type": 3
        }
      ],
      "api_key": [
        {
          "current_key": "AIzaSyBGlyp5bSe0lhN3UjZd0B1KpFNobmqkGeI"
        }
      ],
      "services": {
        "appinvite_service": {
          "other_platform_oauth_client": [
            {
              "client_id": "695845300551-ho224gcacn4svhjp0snkvk0h7dht8iq9.apps.googleusercontent.com",
              "client_type": 3
            }
          ]
        }
      }
    }
  ],
  "configuration_version": "1"
}